user_id,age,city,state,current_skills,split_domains,split_fields,wanted_skills,internships,done_project,projects_desc,split_goals,split_peer_pref,location_pref
0,22,agartala,tripura,"['SQL', 'PYTHON', 'C++', 'R']",['DATA SCIENCE'],"['MACHINE LEARNING', 'NATURAL LANGUAGE PROCESSING', 'COMPUTER VISION']","['PYTHON', 'SCALA', 'SQL']",0,No,,['FINDING AN INTERNSHIP'],['STUDENTS'],Remote
1,19,chennai,tamil nadu,"['SQL', 'PYTHON', 'BASH', 'SHELL', 'POWERSHELL', 'C++', 'C', 'JAVA']",['DATA SCIENCE'],"['MACHINE LEARNING', 'DEEP LEARNING']","['PYTHON', 'JAVASCRIPT', 'R']",1,Yes, It's related to recommendation systems in Machine learning with an aim to bring like-minded developers together for better collaboration and networking.,['RESEARCH PROJECT'],['STUDENTS'],Local city
2,21,bengaluru,karnataka,"['HTML', 'CSS', 'SQL', 'PYTHON', 'C++', 'C', 'JAVA']",['DATA SCIENCE'],"['MACHINE LEARNING', 'DEEP LEARNING', 'NATURAL LANGUAGE PROCESSING']","['R', 'SQL', 'JULIA']",1,Yes,"I have worked on data analysis of IT jobs.It is one of my best projects because I learnt a lot about the job trends in the IT industry. Moreover, it was a great learning experience as it required a lot of data preprocessing. ",['FINDING A JOB'],['WORKING PROFESSIONALS'],Remote
3,20,raigarh,chhattisgarh,['PYTHON'],['DATA SCIENCE'],"['MACHINE LEARNING', 'NATURAL LANGUAGE PROCESSING']","['PYTHON', 'SQL']",0,Yes,Recommendations system. ,['FINDING AN INTERNSHIP'],['STUDENTS'],Remote
4,22,sonipat,haryana,"['JAVASCRIPT', 'SQL', 'PYTHON']",['DATA SCIENCE'],"['MACHINE LEARNING', 'NATURAL LANGUAGE PROCESSING']",['SQL'],0,Yes,"I built an emotions detection model which can identify the emotion you're feeling using the text you write. It can also represent your mood as graphs and hence show you if there is a certain pattern in the way you feel. 

We made a mobile application for this for a hackathon where you can write journals and track your mood accordingly. 

I used various text preprocessing techniques and made a classification model using BERT. ",['UPSKILL'],['WORKING PROFESSIONALS'],Remote
5,20,ghaziabad,uttar pradesh,"['SQL', 'PYTHON']",['DATA SCIENCE'],"['MACHINE LEARNING', 'DEEP LEARNING', 'NATURAL LANGUAGE PROCESSING']",['PYTHON'],2,Yes,"Mediwiz, a medicine identifier which helps identify medicine names from cut strips. It's a problem we face often, and I loved solving it together with the team.",['FINDING A JOB'],['WORKING PROFESSIONALS'],Remote
6,20,new delhi,delhi,"['SQL', 'PYTHON', 'C++', 'R']",['DATA SCIENCE'],"['MACHINE LEARNING', 'DEEP LEARNING', 'NATURAL LANGUAGE PROCESSING']","['JAVASCRIPT', 'SCALA', 'JULIA']",0,Yes,I worked on a topic modeling project wherein I extracted areas of concern using a large corpus of consumer queries. It is the best project I've done because I got to learn a lot and I documented it well,['FINDING A JOB'],['WORKING PROFESSIONALS'],Remote
7,21,ranchi,jharkhand,"['SQL', 'PYTHON', 'C++', 'C']",['DATA SCIENCE'],"['MACHINE LEARNING', 'DEEP LEARNING', 'NATURAL LANGUAGE PROCESSING', 'COMPUTER VISION']","['PYTHON', 'R', 'SQL', 'JULIA']",>4,Yes,Multilingual Text Classifier using mBERT with models in ONNX and TensorRT format and deployed using Triton. ,['HIGHER STUDIES'],['STUDENTS'],Remote
8,22,faridabad,haryana,"['SQL', 'PYTHON', 'TABLEAU']",['DATA SCIENCE'],"['MACHINE LEARNING', 'NATURAL LANGUAGE PROCESSING']","['PYTHON', 'R', 'SQL', 'JULIA']",0,No,,['UPSKILL'],"['STUDENTS', 'WORKING PROFESSIONALS']",Remote
9,19,ambala,haryana,"['HTML', 'CSS', 'PYTHON', 'C++', 'C']",['DATA SCIENCE'],['MACHINE LEARNING'],"['SCALA', 'R', 'SQL', 'JULIA']",0,No,,['FINDING A JOB'],"['STUDENTS', 'WORKING PROFESSIONALS']",Remote
10,20,mumbai,maharashtra,"['SQL', 'PYTHON', 'BASH', 'SHELL', 'POWERSHELL', 'C++', 'C', 'JAVA', 'KOTLIN']",['DATA SCIENCE'],"['NATURAL LANGUAGE PROCESSING', 'COMPUTER VISION']","['PYTHON', 'JAVASCRIPT']",0,No,,['RESEARCH PROJECT'],"['STUDENTS', 'WORKING PROFESSIONALS']",Remote
11,21,ranchi,jharkhand,"['HTML', 'CSS', 'SQL', 'PYTHON', 'C++', 'C', 'JAVA']",['DATA SCIENCE'],['MACHINE LEARNING'],"['PYTHON', 'JAVASCRIPT', 'R', 'SQL']",2,Yes,Building an AI invoice model ,['FINDING A JOB'],['WORKING PROFESSIONALS'],Local city
12,21,bhubaneswar,odisha,"['JAVASCRIPT', 'HTML', 'CSS', 'SQL', 'PYTHON', 'C++', 'C', 'JAVA']",['DATA SCIENCE'],"['MACHINE LEARNING', 'DEEP LEARNING', 'NATURAL LANGUAGE PROCESSING', 'COMPUTER VISION']","['PYTHON', 'R', 'SQL']",1,Yes,"One is Prediction of prices of house/cars and other is Object detection. I have learnt a lot of things while doing these projects and got to know about new things and algorithms thay can help me do a work easily and in less time, that's why I think they are the best ones.",['FINDING AN INTERNSHIP'],"['STUDENTS', 'WORKING PROFESSIONALS']",Remote
13,20,damanjodi,odisha,"['HTML', 'CSS', 'SQL', 'C++', 'JAVA']",['WEB DEVELOPMENT'],['FRONT END WEB DEVELOPMENT'],"['PYTHON', 'TYPESCRIPT', 'MONGODB', 'NODE.JS']",1,Yes,E commerce website,['FINDING AN INTERNSHIP'],"['STUDENTS', 'WORKING PROFESSIONALS']",Remote
14,19,patna,bihar,"['JAVASCRIPT', 'HTML', 'CSS', 'SQL', 'PYTHON', 'JAVA']",['WEB DEVELOPMENT'],['FULL STACK WEB DEVELOPMENT'],"['TYPESCRIPT', 'MONGODB', 'NODE.JS']",0,Yes,Created a website to honour diamonds we lost,['UPSKILL'],"['STUDENTS', 'WORKING PROFESSIONALS']",Local city
15,20,cuttack,odisha,"['HTML', 'CSS', 'C++', 'JAVA']",['WEB DEVELOPMENT'],['FULL STACK WEB DEVELOPMENT'],"['CSS', 'JAVASCRIPT', 'TYPESCRIPT']",0,No,,['UPSKILL'],['WORKING PROFESSIONALS'],Local city
16,18,jamshedpur,jharkhand,['JAVA'],['WEB DEVELOPMENT'],['FRONT END WEB DEVELOPMENT'],['JAVASCRIPT'],0,No,,['FINDING A JOB'],['STUDENTS'],Local city
17,20,cuttack,odisha,"['JAVASCRIPT', 'HTML', 'CSS', 'PYTHON', 'C++', 'JAVA']",['WEB DEVELOPMENT'],['FULL STACK WEB DEVELOPMENT'],"['MONGODB', 'NODE.JS']",2,Yes,I built a website for a company's in Cairo as an intern. ,['HIGHER STUDIES'],['WORKING PROFESSIONALS'],Remote
18,19,berhampur,odisha,"['C++', 'JAVA']",['DATA SCIENCE'],"['MACHINE LEARNING', 'DEEP LEARNING', 'NATURAL LANGUAGE PROCESSING', 'COMPUTER VISION']","['PYTHON', 'JAVASCRIPT', 'R']",0,No,,['FINDING AN INTERNSHIP'],['WORKING PROFESSIONALS'],Local city
19,20,panvel,maharashtra,"['JAVASCRIPT', 'HTML', 'CSS', 'SQL', 'C++', 'C']",['WEB DEVELOPMENT'],['FRONT END WEB DEVELOPMENT'],"['PYTHON', 'TYPESCRIPT', 'MONGODB', 'NODE.JS']",0,No,,['HIGHER STUDIES'],"['STUDENTS', 'WORKING PROFESSIONALS']",Remote
20,21,bhubaneswar,odisha,"['HTML', 'CSS', 'PYTHON', 'C', 'JAVA']",['DATA SCIENCE'],"['MACHINE LEARNING', 'DEEP LEARNING', 'NATURAL LANGUAGE PROCESSING', 'COMPUTER VISION']","['PYTHON', 'JAVASCRIPT', 'SQL']",0,No,,['FINDING AN INTERNSHIP'],"['STUDENTS', 'WORKING PROFESSIONALS']",Local city
21,20,rourkela,odisha,"['JAVASCRIPT', 'HTML', 'CSS', 'SQL', 'PYTHON', 'BASH', 'SHELL', 'POWERSHELL', 'PHP', 'C++', 'C', 'JAVA']",['WEB DEVELOPMENT'],"['FRONT END WEB DEVELOPMENT', 'BACK END WEB DEVELOPMENT', 'FULL STACK WEB DEVELOPMENT']","['HTML', 'CSS', 'JAVASCRIPT', 'TYPESCRIPT', 'MONGODB', 'NODE.JS']",0,No,,['FINDING A JOB'],"['STUDENTS', 'WORKING PROFESSIONALS']",Remote
22,20,bhubaneswar,odisha,"['PYTHON', 'C++', 'JAVA']",['CLOUD COMPUTING'],['NETWORKING'],"['JAVA', 'JAVASCRIPT', 'AWS', 'AZURE', 'GCP', 'HTML']",0,No,,['FINDING AN INTERNSHIP'],"['STUDENTS', 'WORKING PROFESSIONALS']",Local city
23,20,rourkela,odisha,['JAVA'],['WEB DEVELOPMENT'],['FRONT END WEB DEVELOPMENT'],"['HTML', 'CSS', 'JAVASCRIPT', 'NODE.JS']",0,No,,['FINDING AN INTERNSHIP'],['WORKING PROFESSIONALS'],Remote
24,20,guwahati,assam,['C'],['WEB DEVELOPMENT'],['FRONT END WEB DEVELOPMENT'],['PYTHON'],0,No,,['HIGHER STUDIES'],['STUDENTS'],Local city
25,20,melbourne,victoria,"['HTML', 'CSS', 'SQL', 'PYTHON', 'JAVA', 'R']",['DATA SCIENCE'],"['MACHINE LEARNING', 'DEEP LEARNING', 'NATURAL LANGUAGE PROCESSING', 'COMPUTER VISION']","['SCALA', 'JULIA']",1,Yes,Detection of microsatellite instability in patients suffering from gastrointestinal cancer using histological images,['FINDING A JOB'],"['STUDENTS', 'WORKING PROFESSIONALS']",Remote
26,19,bhubaneswar,odisha,"['HTML', 'CSS', 'JAVA']",['WEB DEVELOPMENT'],"['FRONT END WEB DEVELOPMENT', 'FULL STACK WEB DEVELOPMENT']","['CSS', 'JAVASCRIPT', 'MONGODB', 'NODE.JS']",0,Yes,Calculator. Its a basic project I have created all by myself. ,['FINDING A JOB'],"['STUDENTS', 'WORKING PROFESSIONALS']",Local city
27,19,rourkela,odisha,"['JAVASCRIPT', 'HTML', 'CSS', 'PYTHON', 'C++', 'JAVA']",['WEB DEVELOPMENT'],['FRONT END WEB DEVELOPMENT'],"['HTML', 'CSS', 'JAVASCRIPT', 'PYTHON', 'MONGODB', 'NODE.JS']",0,No,,['HIGHER STUDIES'],"['STUDENTS', 'WORKING PROFESSIONALS']",Local city
28,20,bhubaneswar,odisha,['JAVA'],['WEB DEVELOPMENT'],['FRONT END WEB DEVELOPMENT'],"['JAVASCRIPT', 'PYTHON']",0,No,,['FINDING A JOB'],['WORKING PROFESSIONALS'],Local city
29,22,ahmedabad,gujarat,"['JAVASCRIPT', 'HTML', 'CSS', 'SQL', 'PYTHON', 'BASH', 'SHELL', 'POWERSHELL', 'TYPESCRIPT', 'C', 'JAVA']",['WEB DEVELOPMENT'],"['FRONT END WEB DEVELOPMENT', 'BACK END WEB DEVELOPMENT', 'FULL STACK WEB DEVELOPMENT']","['HTML', 'CSS', 'JAVASCRIPT', 'PYTHON', 'TYPESCRIPT', 'MONGODB', 'NODE.JS']",3,Yes,,['FINDING A JOB'],"['STUDENTS', 'WORKING PROFESSIONALS']",Local city
30,19,angul,odisha,"['SQL', 'JAVA']",['DATA SCIENCE'],['NATURAL LANGUAGE PROCESSING'],['PYTHON'],0,No,,['HIGHER STUDIES'],['STUDENTS'],Local city
31,22,lonar,maharashtra,"['SQL', 'PYTHON', 'C++', 'R']",['DATA SCIENCE'],"['MACHINE LEARNING', 'DEEP LEARNING', 'NATURAL LANGUAGE PROCESSING']","['PYTHON', 'R', 'SQL']",0,Yes,,['FINDING AN INTERNSHIP'],"['STUDENTS', 'WORKING PROFESSIONALS']",Remote
32,20,howrah,maharashtra,"['JAVASCRIPT', 'HTML', 'CSS', 'SQL', 'PYTHON', 'BASH', 'SHELL', 'POWERSHELL', 'C++', 'C', 'JAVA']",['DATA SCIENCE'],"['MACHINE LEARNING', 'NATURAL LANGUAGE PROCESSING']","['PYTHON', 'JAVASCRIPT', 'SQL']",0,Yes,Hate speech recognition under Natural Language Processing (AI) ,['FINDING AN INTERNSHIP'],['WORKING PROFESSIONALS'],Remote
33,19,jamshedpur,jharkhand,"['HTML', 'CSS', 'JAVA']",['WEB DEVELOPMENT'],"['FRONT END WEB DEVELOPMENT', 'BACK END WEB DEVELOPMENT', 'FULL STACK WEB DEVELOPMENT']","['HTML', 'CSS', 'JAVASCRIPT', 'PYTHON', 'TYPESCRIPT', 'MONGODB', 'NODE.JS']",0,Yes,,['FINDING AN INTERNSHIP'],"['STUDENTS', 'WORKING PROFESSIONALS']",Local city
34,20,rourkela,odisha,"['HTML', 'CSS', 'SQL', 'C++', 'C', 'JAVA', 'DART']",['APP DEVELOPMENT'],['ANDROID DEVELOPER'],['FLUTTER'],2,Yes,"https://play.google.com/store/apps/details?id=ksk.ecell.org -made this flutter project for the society registering purpose which gives details about the event.
and recently working on an ecommerce app.",['FINDING AN INTERNSHIP'],['WORKING PROFESSIONALS'],Local city
35,21,raigarh,chhattisgarh,"['SQL', 'PYTHON', 'C#']",['DATA SCIENCE'],"['MACHINE LEARNING', 'DEEP LEARNING', 'NATURAL LANGUAGE PROCESSING', 'COMPUTER VISION']",['SQL'],2,Yes,Table Detection from Document Images using Deep Learning,['FINDING A JOB'],['WORKING PROFESSIONALS'],Remote
36,20,lucknow,uttar pradesh,"['HTML', 'CSS', 'SQL', 'BASH', 'SHELL', 'POWERSHELL', 'C++', 'C', 'JAVA']",['WEB DEVELOPMENT'],"['FRONT END WEB DEVELOPMENT', 'BACK END WEB DEVELOPMENT', 'FULL STACK WEB DEVELOPMENT']","['HTML', 'CSS', 'JAVASCRIPT', 'TYPESCRIPT', 'MONGODB', 'NODE.JS']",0,No,,['FINDING AN INTERNSHIP'],['STUDENTS'],Local city
37,20,lucknow,uttar pradesh,"['JAVASCRIPT', 'HTML', 'CSS', 'C']",['WEB DEVELOPMENT'],"['FRONT END WEB DEVELOPMENT', 'BACK END WEB DEVELOPMENT']","['PYTHON', 'TYPESCRIPT', 'MONGODB']",0,Yes,"KIDZOO
A front-end website built using HTML, CSS, Js , Bootstrap
deployed on Heroku. The website contains the sounds
of various animals, which are produced by clicking on
them.",['FINDING AN INTERNSHIP'],"['STUDENTS', 'WORKING PROFESSIONALS']",Remote
38,20,delhi,delhi,"['HTML', 'CSS', 'SQL', 'PYTHON']",['DATA SCIENCE'],['DEEP LEARNING'],"['PYTHON', 'SQL']",0,No,,['FINDING AN INTERNSHIP'],['WORKING PROFESSIONALS'],Local city
39,20,new delhi,delhi,"['HTML', 'CSS', 'SQL', 'C++', 'C', 'FLUTTER']",['WEB DEVELOPMENT'],['FULL STACK WEB DEVELOPMENT'],"['HTML', 'CSS', 'JAVASCRIPT', 'PYTHON', 'TYPESCRIPT', 'MONGODB', 'NODE.JS']",0,No,,['FINDING AN INTERNSHIP'],['STUDENTS'],Remote
40,20,pune,maharashtra,"['JAVASCRIPT', 'HTML', 'CSS', 'SQL', 'PHP', 'C++', 'C']",['WEB DEVELOPMENT'],"['FRONT END WEB DEVELOPMENT', 'FULL STACK WEB DEVELOPMENT']","['HTML', 'CSS', 'JAVASCRIPT', 'MONGODB', 'NODE.JS']",0,Yes,"At Present I have worked on a Frontend ecommerce website, It is a completely responsive multipage website ,just left to integrate with razor pay method
Apart of this a gym website and a music player ",['FINDING AN INTERNSHIP'],"['STUDENTS', 'WORKING PROFESSIONALS']",Remote
41,19,agra,uttar pradesh,"['JAVASCRIPT', 'HTML', 'CSS', 'PYTHON', 'BASH', 'SHELL', 'POWERSHELL', 'C++', 'C']",['WEB DEVELOPMENT'],['FULL STACK WEB DEVELOPMENT'],"['HTML', 'CSS', 'JAVASCRIPT', 'PYTHON']",0,No,,['FINDING AN INTERNSHIP'],['STUDENTS'],Remote
42,19,bokaro,jharkhand,"['JAVASCRIPT', 'HTML', 'CSS', 'C++', 'C']",['WEB DEVELOPMENT'],['FRONT END WEB DEVELOPMENT'],"['PYTHON', 'TYPESCRIPT']",0,No,,['FINDING A JOB'],"['STUDENTS', 'WORKING PROFESSIONALS']",Remote
43,20,jharsuguda,odisha,['PYTHON'],['DATA SCIENCE'],"['MACHINE LEARNING', 'DEEP LEARNING']","['JAVASCRIPT', 'R', 'SQL']",1,Yes,"Performance analysis of various binary supervised classification algorithms on high dimension limited sample size data. It compares the performance of 8 different algorithms on metrics of accuracy, precision and recall when applied to a dataset with large number of features and low record size.",['HIGHER STUDIES'],"['STUDENTS', 'WORKING PROFESSIONALS']",Remote
44,20,jaipur,rajasthan,"['SQL', 'PYTHON', 'BASH', 'SHELL', 'POWERSHELL', 'C++', 'C', 'JAVA', 'KOTLIN']",['DATA SCIENCE'],"['MACHINE LEARNING', 'DEEP LEARNING', 'NATURAL LANGUAGE PROCESSING', 'COMPUTER VISION']",['R'],0,Yes,One of my best projects is Music Generation using RNN. I feel it's the best because it's great that you can generate new musics and tones using Deep Learning.,['FINDING AN INTERNSHIP'],"['STUDENTS', 'WORKING PROFESSIONALS']",Remote
45,21,bokaro steel city,jharkhand,"['JAVASCRIPT', 'HTML', 'CSS', 'SQL', 'PYTHON', 'C++', 'C', 'JAVA', 'KOTLIN']",['APP DEVELOPMENT'],['ANDROID DEVELOPER'],['KOTLIN'],2,Yes,,['FINDING A JOB'],"['STUDENTS', 'WORKING PROFESSIONALS']",Remote
46,18,pune,maharashtra,"['HTML', 'CSS', 'SQL']",['DATA SCIENCE'],['MACHINE LEARNING'],"['PYTHON', 'SQL']",1,Yes,"I worked in the development of KMHS2021 website ,it was my first team project after internship and it was best because I learnt alot during that project and got new ways to make a good looking website/page.",['FINDING A JOB'],"['STUDENTS', 'WORKING PROFESSIONALS']",Remote
47,20,panipat,haryana,"['HTML', 'CSS', 'PYTHON', 'C++', 'C', 'JAVA']",['WEB DEVELOPMENT'],['FULL STACK WEB DEVELOPMENT'],"['JAVASCRIPT', 'PYTHON', 'TYPESCRIPT', 'MONGODB', 'NODE.JS']",0,No,,['FINDING AN INTERNSHIP'],['STUDENTS'],Local city
48,20,bhopal,madhya pradesh,"['JAVASCRIPT', 'HTML', 'CSS', 'SQL', 'PHP', 'C++', 'C']",['WEB DEVELOPMENT'],['FRONT END WEB DEVELOPMENT'],['MONGODB'],1,Yes,Food ordering website,['FINDING AN INTERNSHIP'],"['STUDENTS', 'WORKING PROFESSIONALS']",Remote
49,19,jamshedpur,jharkhand,"['JAVASCRIPT', 'HTML', 'CSS', 'C++', 'C', 'JAVA', 'FLUTTER']",['APP DEVELOPMENT'],"['ANDROID DEVELOPER', 'IOS DEVELOPER']","['JAVA', 'KOTLIN', 'FLUTTER']",1,Yes,"First is chat app using firebase as backend storage here I got to learn about how data are stored and how to retrieve those data from cloud , Also worked in bitcoin ticker app where  I used API .",['RESEARCH PROJECT'],"['STUDENTS', 'WORKING PROFESSIONALS']",Local city
50,20,malda,west bengal,"['JAVASCRIPT', 'HTML', 'CSS', 'SQL', 'PHP', 'REACT', 'NEXT']",['WEB DEVELOPMENT'],"['FRONT END WEB DEVELOPMENT', 'BACK END WEB DEVELOPMENT', 'FULL STACK WEB DEVELOPMENT']","['HTML', 'CSS', 'JAVASCRIPT', 'MONGODB', 'NODE.JS', 'REACT', 'NEXT']",2,Yes,"https://enactuskisskiit.org/
This is a MERN stack project. It is a team work. So I enjoyed it",['UPSKILL'],"['STUDENTS', 'WORKING PROFESSIONALS']",Remote
51,20,kolkata,west bengal,"['JAVASCRIPT', 'HTML', 'CSS', 'SQL', 'BASH', 'SHELL', 'POWERSHELL', 'C++', 'C']",['CLOUD COMPUTING'],"['SAAS', 'PAAS', 'IAAS']","['AWS', 'AZURE']",2,Yes,"Student Attendance System , It was great to work in this project because of challenges involved in Serverless computing.",['RESEARCH PROJECT'],"['STUDENTS', 'WORKING PROFESSIONALS']",Remote
52,18,bhilai,chhattisgarh,"['PYTHON', 'C']",['CYBER SECURITY'],['ETHICAL HACKING'],"['ECIH', 'CYSA+']",0,No,,['UPSKILL'],['WORKING PROFESSIONALS'],Local city
53,19,kolkata,west bengal,"['SQL', 'C++', 'C']",['APP DEVELOPMENT'],['ANDROID DEVELOPER'],['KOTLIN'],1,Yes,"food delivery app, automation app",['RESEARCH PROJECT'],['WORKING PROFESSIONALS'],Remote
54,18,jaipur,rajasthan,"['HTML', 'CSS', 'SQL', 'PYTHON', 'C++', 'C', 'JAVA']",['DATA SCIENCE'],['MACHINE LEARNING'],['PYTHON'],1,No,,['FINDING AN INTERNSHIP'],['WORKING PROFESSIONALS'],Remote
55,20,bhubaneswar,odisha,"['C++', 'C', 'FLUTTER']",['APP DEVELOPMENT'],['ANDROID DEVELOPER'],['FLUTTER'],0,Yes,"I am currently making a portfolio app which show everything about me,like my achievements and contact details.I think its my best project because while dong this i learnt a various  new methods and plugins and all.",['FINDING AN INTERNSHIP'],"['STUDENTS', 'WORKING PROFESSIONALS']",Local city
56,22,mayurbhanj,odisha,"['JAVASCRIPT', 'HTML', 'CSS', 'SQL', 'BASH', 'SHELL', 'POWERSHELL', 'C++', 'C']",['WEB DEVELOPMENT'],['FULL STACK WEB DEVELOPMENT'],"['TYPESCRIPT', 'MONGODB']",1,Yes,My domain of interest is Web Development and I did choose this because I always wanted to do something for the stray dogs and cats and what I needed was a donation website for them. There are many projects that I have worked using Back-end tools  and databases but this would be my greatest project as I wanted to be web developer for this purpose. Domain- https://pranab99.github.io/pawmates,['FINDING AN INTERNSHIP'],"['STUDENTS', 'WORKING PROFESSIONALS']",Remote
57,22,pune,maharashtra,"['SQL', 'PYTHON', 'C++', 'C', 'R']",['DATA SCIENCE'],"['MACHINE LEARNING', 'DEEP LEARNING']","['PYTHON', 'R', 'SQL']",0,Yes,Design of temperature controll system,['FINDING AN INTERNSHIP'],['WORKING PROFESSIONALS'],Remote
58,19,kolkata,west bengal,"['PYTHON', 'C++', 'C']",['WEB DEVELOPMENT'],['FULL STACK WEB DEVELOPMENT'],"['CSS', 'JAVASCRIPT', 'NODE.JS']",0,Yes,I've worked on a very basic web based calculator,['HIGHER STUDIES'],"['STUDENTS', 'WORKING PROFESSIONALS']",Local city
59,21,rayagada,odisha,"['JAVASCRIPT', 'HTML', 'CSS', 'PYTHON', 'TYPESCRIPT', 'C++', 'C']",['DATA SCIENCE'],"['MACHINE LEARNING', 'DEEP LEARNING', 'NATURAL LANGUAGE PROCESSING', 'COMPUTER VISION']","['PYTHON', 'SQL']",0,Yes,Autonomous Vehicle Project which I am currently working on.,['RESEARCH PROJECT'],"['STUDENTS', 'WORKING PROFESSIONALS']",Remote
60,20,ranchi,jharkhand,"['JAVASCRIPT', 'HTML', 'CSS']",['WEB DEVELOPMENT'],['FULL STACK WEB DEVELOPMENT'],"['HTML', 'CSS', 'JAVASCRIPT', 'NODE.JS']",0,No,,['FINDING AN INTERNSHIP'],['STUDENTS'],Remote
61,19,mumbai,maharashtra,"['HTML', 'CSS', 'SQL', 'C++', 'C', 'JAVA']",['WEB DEVELOPMENT'],"['FRONT END WEB DEVELOPMENT', 'BACK END WEB DEVELOPMENT']","['HTML', 'CSS', 'JAVASCRIPT', 'PYTHON', 'NODE.JS']",0,No,,['FINDING A JOB'],"['STUDENTS', 'WORKING PROFESSIONALS']",Local city
62,21,angul,odisha,"['C++', 'C']",['DATA SCIENCE'],['MACHINE LEARNING'],['PYTHON'],0,No,,['FINDING AN INTERNSHIP'],"['STUDENTS', 'WORKING PROFESSIONALS']",Remote
63,20,kolkata,west bengal,"['HTML', 'CSS', 'C++', 'C', 'JAVA']",['WEB DEVELOPMENT'],['FRONT END WEB DEVELOPMENT'],"['HTML', 'CSS', 'JAVASCRIPT', 'NODE.JS']",0,Yes, Currently working on the front-end of COVID 19 tracker.,['FINDING A JOB'],"['STUDENTS', 'WORKING PROFESSIONALS']",Remote
64,21,jharkhand,jharkhand,"['JAVASCRIPT', 'HTML', 'CSS', 'SQL', 'PYTHON', 'BASH', 'SHELL', 'POWERSHELL', 'C++', 'C']",['DATA SCIENCE'],"['MACHINE LEARNING', 'DEEP LEARNING', 'NATURAL LANGUAGE PROCESSING', 'COMPUTER VISION']","['PYTHON', 'JAVASCRIPT', 'SQL']",0,No,,['FINDING AN INTERNSHIP'],"['STUDENTS', 'WORKING PROFESSIONALS']",Local city
65,21,tamluk,west bengal,"['JAVASCRIPT', 'HTML', 'CSS', 'SQL', 'PYTHON', 'PHP', 'C++', 'C', 'JAVA']",['WEB DEVELOPMENT'],['FRONT END WEB DEVELOPMENT'],"['TYPESCRIPT', 'MONGODB', 'NODE.JS']",2,Yes,School website. It was an assignment,['FINDING A JOB'],['STUDENTS'],Remote
66,18,bharuch,gujarat,"['HTML', 'CSS', 'PYTHON', 'C++', 'JAVA']",['DATA SCIENCE'],['MACHINE LEARNING'],"['PYTHON', 'JAVASCRIPT']",0,No,,['FINDING AN INTERNSHIP'],['STUDENTS'],Remote
67,20,brahmapur,odisha,"['HTML', 'CSS', 'SQL', 'C++', 'C', 'JAVA', 'KOTLIN', 'DART']",['APP DEVELOPMENT'],"['ANDROID DEVELOPER', 'IOS DEVELOPER']","['JAVASCRIPT', 'SWIFT']",1,Yes,,['FINDING A JOB'],['WORKING PROFESSIONALS'],Remote
68,18,bengaluru,karnataka,['C'],['CYBER SECURITY'],['NETWORK SECURITY'],['SIEM'],0,No,,['UPSKILL'],['STUDENTS'],Remote
69,20,raigarh,chhattisgarh,"['JAVASCRIPT', 'HTML', 'CSS', 'PYTHON', 'C++', 'C']",['WEB DEVELOPMENT'],['FULL STACK WEB DEVELOPMENT'],"['PYTHON', 'TYPESCRIPT', 'MONGODB', 'NODE.JS', 'REACT']",0,No,,['FINDING AN INTERNSHIP'],['WORKING PROFESSIONALS'],Remote
70,19,ranchi,jharkhand,['NONE'],['APP DEVELOPMENT'],"['ANDROID DEVELOPER', 'IOS DEVELOPER']",['JAVA'],0,No,,['HIGHER STUDIES'],['STUDENTS'],Local city
71,20,ranchi,jharkhand,"['PYTHON', 'C']",['CYBER SECURITY'],['ETHICAL HACKING'],['SIEM'],0,No,,['FINDING A JOB'],"['STUDENTS', 'WORKING PROFESSIONALS']",Remote
72,20,rourkela,odisha,['C'],['WEB DEVELOPMENT'],['FRONT END WEB DEVELOPMENT'],"['HTML', 'CSS', 'JAVASCRIPT', 'NODE.JS']",0,Yes,Worked on a project of bot making by d2c Flipkart,['FINDING A JOB'],['STUDENTS'],Local city
73,20,kolkata,west bengal,"['JAVASCRIPT', 'HTML', 'CSS', 'SQL', 'PYTHON', 'BASH', 'SHELL', 'POWERSHELL', 'C++', 'C', 'JAVA']",['DATA SCIENCE'],"['MACHINE LEARNING', 'DEEP LEARNING', 'NATURAL LANGUAGE PROCESSING', 'COMPUTER VISION']","['SCALA', 'R', 'JULIA']",0,Yes,Analysing the probability of death of a passenger in the titanic wreck. Various ML models were used to find out the best accuracy score along with eda and data cleaning,['FINDING AN INTERNSHIP'],"['STUDENTS', 'WORKING PROFESSIONALS']",Remote
74,20,isa town,bahrain,"['SQL', 'PYTHON']",['DATA SCIENCE'],"['MACHINE LEARNING', 'DEEP LEARNING', 'COMPUTER VISION']","['PYTHON', 'SQL']",4,Yes,Self driven cars using behavioral cloning for golf carts ,['HIGHER STUDIES'],['WORKING PROFESSIONALS'],Remote
75,20,bettiah,bihar,"['HTML', 'CSS', 'SQL', 'PYTHON', 'BASH', 'SHELL', 'POWERSHELL', 'C++', 'C', 'JAVA']",['DATA SCIENCE'],"['MACHINE LEARNING', 'DEEP LEARNING', 'COMPUTER VISION']",['PYTHON'],1,Yes,"Disease Classification, Celebrity Classification",['FINDING AN INTERNSHIP'],['WORKING PROFESSIONALS'],Remote
76,21,hyderabad,telangana,"['JAVASCRIPT', 'HTML', 'CSS', 'TYPESCRIPT', 'C++', 'REACT']",['WEB DEVELOPMENT'],['FRONT END WEB DEVELOPMENT'],"['MONGODB', 'NODE.JS', 'EXPRESS JS', 'DEVOPS']",1,Yes,"Meme Generator!.
Where you can use create your own memes. 
Tech used: React",['FINDING A JOB'],"['STUDENTS', 'WORKING PROFESSIONALS']",Remote
77,21,kolkata,west bengal,"['C++', 'C']",['BLOCKCHAIN DEVELOPMENT'],['CRYPTOGRAPHY'],"['JAVASCRIPT', 'PYTHON']",0,No,,['UPSKILL'],['STUDENTS'],Local city
78,20,new delhi,delhi,"['PYTHON', 'C++']",['DATA SCIENCE'],"['MACHINE LEARNING', 'DEEP LEARNING', 'NATURAL LANGUAGE PROCESSING', 'COMPUTER VISION']","['PYTHON', 'R']",0,Yes,"Working on Brain Tumor Detection Competition on Kaggle.
Using CNN, LSTM, Computer Vision.

",['HIGHER STUDIES'],"['STUDENTS', 'WORKING PROFESSIONALS']",Remote
79,19,koraput,odisha,"['JAVASCRIPT', 'HTML', 'CSS', 'C']",['DATA SCIENCE'],"['MACHINE LEARNING', 'DEEP LEARNING']","['PYTHON', 'SQL']",3,Yes,,['RESEARCH PROJECT'],"['STUDENTS', 'WORKING PROFESSIONALS']",Remote
80,22,kolkata,west bengal,"['JAVASCRIPT', 'SQL', 'PYTHON', 'C++', 'C']",['DATA SCIENCE'],"['MACHINE LEARNING', 'DEEP LEARNING', 'COMPUTER VISION']",['SQL'],>4,Yes,Building image segmentation plus classification model in order to detect the type of cells present in a bone marrow slide image.,['HIGHER STUDIES'],"['STUDENTS', 'WORKING PROFESSIONALS']",Remote
81,20,darbhanga,bihar,"['PYTHON', 'C', 'R']",['DATA SCIENCE'],"['MACHINE LEARNING', 'DEEP LEARNING']","['JAVASCRIPT', 'SCALA', 'SQL']",0,No,,['RESEARCH PROJECT'],['STUDENTS'],Local city
82,19,varanasi,uttar pradesh,"['HTML', 'CSS', 'PYTHON', 'C++', 'C']",['DATA SCIENCE'],"['MACHINE LEARNING', 'DEEP LEARNING']","['PYTHON', 'JAVASCRIPT']",0,Yes,Sentiment analysis for depression,['FINDING AN INTERNSHIP'],"['STUDENTS', 'WORKING PROFESSIONALS']",Remote
83,19,mumbai,maharashtra,"['HTML', 'CSS', 'SQL', 'PYTHON', 'C++', 'C', 'JAVA']",['WEB DEVELOPMENT'],['FULL STACK WEB DEVELOPMENT'],"['HTML', 'CSS', 'JAVASCRIPT', 'PYTHON', 'TYPESCRIPT', 'MONGODB', 'NODE.JS']",0,Yes,,['HIGHER STUDIES'],['WORKING PROFESSIONALS'],Remote
84,19,chennai,tamil nadu,"['JAVASCRIPT', 'HTML', 'CSS', 'PYTHON', 'BASH', 'SHELL', 'POWERSHELL', 'PHP', 'C', 'JAVA']",['WEB DEVELOPMENT'],"['FRONT END WEB DEVELOPMENT', 'BACK END WEB DEVELOPMENT', 'FULL STACK WEB DEVELOPMENT']","['TYPESCRIPT', 'MONGODB', 'NODE.JS']",0,Yes,E-commerce app with React js because I was able to explore more about React Hooks,['FINDING AN INTERNSHIP'],"['STUDENTS', 'WORKING PROFESSIONALS']",Remote
85,20,berhampore,west bengal,"['JAVASCRIPT', 'HTML', 'CSS', 'SQL', 'PYTHON', 'BASH', 'SHELL', 'POWERSHELL', 'PHP', 'C++', 'C', 'JAVA']",['DATA SCIENCE'],"['MACHINE LEARNING', 'DEEP LEARNING', 'NATURAL LANGUAGE PROCESSING', 'COMPUTER VISION']","['PYTHON', 'JAVASCRIPT', 'R', 'SQL']",0,Yes,,['FINDING AN INTERNSHIP'],"['STUDENTS', 'WORKING PROFESSIONALS']",Local city
86,18,angul,odisha,['C++'],['WEB DEVELOPMENT'],['FULL STACK WEB DEVELOPMENT'],"['HTML', 'CSS', 'PYTHON']",0,No,,['FINDING AN INTERNSHIP'],['WORKING PROFESSIONALS'],Local city
87,20,prayagraj,uttar pradesh,"['PYTHON', 'C']",['APP DEVELOPMENT'],['ANDROID DEVELOPER'],['JAVA'],0,No,,['HIGHER STUDIES'],['WORKING PROFESSIONALS'],Local city
88,15,new delhi,delhi,"['HTML', 'CSS', 'PYTHON', 'JAVA', 'FLUTTER']",['DATA SCIENCE'],"['MACHINE LEARNING', 'DEEP LEARNING', 'NATURAL LANGUAGE PROCESSING', 'COMPUTER VISION']","['PYTHON', 'SQL']",1,Yes,"Para Tools, an NLP based project that can help you with comprehension passages and research.

Tech Stack - Python, NLTK, Spacy, Beautiful Soup, MatplotLib, gTTS and Streanlit

Deployment - 

https://share.streamlit.io/alphalaser/paratools/main/input.py

GitHub -

https://GitHub.com/AlphaLaser/ParaTools


",['FINDING AN INTERNSHIP'],"['STUDENTS', 'WORKING PROFESSIONALS']",Remote
89,20,jaipur,rajasthan,"['HTML', 'CSS', 'SQL', 'PYTHON', 'PHP', 'C++']",['DATA SCIENCE'],"['MACHINE LEARNING', 'DEEP LEARNING', 'COMPUTER VISION']",['PYTHON'],3,Yes,"Home Security Automation. 
This is a Surveillance project in Computer Vision Domain. The goal was to secure the home/office premises. 
Use cases/Models built- 
1. Face Recognition for security- In this use case the database of known persons will be trained and if any unknown person comes in the front of camera the alert will be given to the admin
2. Weapon Detection

Technologies- 
Front end - React
Backend - Flask
Tools & Frameworks - Tensorflow, Scikit Learn, Pandas, Seaborn, OpenCV
Language - Python

",['RESEARCH PROJECT'],"['STUDENTS', 'WORKING PROFESSIONALS']",Remote
90,20,bokaro steel city,jharkhand,"['JAVASCRIPT', 'HTML', 'CSS', 'C++', 'C']",['WEB DEVELOPMENT'],['FULL STACK WEB DEVELOPMENT'],"['TYPESCRIPT', 'MONGODB', 'NODE.JS']",1,Yes,I have made a web portal for my college society using MERN stack,['FINDING A JOB'],"['STUDENTS', 'WORKING PROFESSIONALS']",Remote
91,20,bhubaneswar,odisha,"['HTML', 'CSS', 'SQL']",['WEB DEVELOPMENT'],['FRONT END WEB DEVELOPMENT'],"['JAVASCRIPT', 'MONGODB', 'NODE.JS']",0,No,,['FINDING AN INTERNSHIP'],['STUDENTS'],Remote
92,20,dhanbad,jharkhand,"['HTML', 'CSS', 'PYTHON', 'C++', 'C', 'JAVA']",['DATA SCIENCE'],"['MACHINE LEARNING', 'DEEP LEARNING', 'NATURAL LANGUAGE PROCESSING']","['PYTHON', 'SQL']",1,Yes,Twitter Sentiment Analysis ,['RESEARCH PROJECT'],['STUDENTS'],Remote
93,20,odisha,odisha,"['JAVASCRIPT', 'HTML', 'CSS', 'SQL', 'PYTHON', 'C++']",['WEB DEVELOPMENT'],"['FRONT END WEB DEVELOPMENT', 'BACK END WEB DEVELOPMENT', 'FULL STACK WEB DEVELOPMENT']","['TYPESCRIPT', 'MONGODB']",2,Yes,Worked on an edtech platform integration.,['FINDING AN INTERNSHIP'],['STUDENTS'],Remote
94,23,bardoli,gujarat,"['PYTHON', 'C++']",['DATA SCIENCE'],['MACHINE LEARNING'],"['PYTHON', 'JAVASCRIPT', 'SCALA', 'R', 'SQL', 'JULIA']",0,No,,['UPSKILL'],"['STUDENTS', 'WORKING PROFESSIONALS']",Remote
95,22,pune,maharashtra,"['HTML', 'CSS', 'SQL', 'PYTHON', 'PHP', 'C++', 'C', 'JAVA', 'R']",['DATA SCIENCE'],"['MACHINE LEARNING', 'DEEP LEARNING']","['JAVASCRIPT', 'SCALA', 'JULIA']",0,No,,['FINDING AN INTERNSHIP'],"['STUDENTS', 'WORKING PROFESSIONALS']",Local city
96,21,satara,maharashtra,"['SQL', 'PYTHON', 'C++', 'R']",['DATA SCIENCE'],"['MACHINE LEARNING', 'DEEP LEARNING', 'NATURAL LANGUAGE PROCESSING', 'COMPUTER VISION']","['PYTHON', 'JAVASCRIPT', 'SCALA', 'R', 'SQL', 'JULIA']",1,Yes,"Web scraping from Naukri.com , because I got to learn so many new things.
Technologies - Python (Selenium, Beautiful Soup)",['FINDING A JOB'],['WORKING PROFESSIONALS'],Remote
97,20,patna,bihar,"['JAVASCRIPT', 'HTML', 'CSS', 'SQL', 'PYTHON', 'C++', 'C', 'JAVA', 'MERN']",['CYBER SECURITY'],['ETHICAL HACKING'],"['ECIH', 'CYSA+', 'SIEM']",0,No,,['FINDING A JOB'],"['STUDENTS', 'WORKING PROFESSIONALS']",Remote
98,21,bengaluru,karnataka,"['JAVASCRIPT', 'HTML', 'CSS', 'SQL', 'PYTHON', 'PHP', 'C']",['WEB DEVELOPMENT'],['FRONT END WEB DEVELOPMENT'],"['CSS', 'JAVASCRIPT', 'PYTHON']",1,No,,['FINDING A JOB'],['WORKING PROFESSIONALS'],Local city
99,21,koppal,karnataka,"['HTML', 'CSS', 'SQL', 'C++', 'JAVA']",['WEB DEVELOPMENT'],['FULL STACK WEB DEVELOPMENT'],"['HTML', 'CSS', 'JAVASCRIPT', 'PYTHON']",0,No,,['FINDING A JOB'],['WORKING PROFESSIONALS'],Remote
100,21,bengaluru,karnataka,"['JAVASCRIPT', 'HTML', 'CSS', 'SQL', 'PYTHON', 'PHP', 'C++', 'C', 'JAVA', 'R']",['WEB DEVELOPMENT'],"['FRONT END WEB DEVELOPMENT', 'BACK END WEB DEVELOPMENT', 'FULL STACK WEB DEVELOPMENT']","['HTML', 'CSS', 'JAVASCRIPT', 'PYTHON', 'TYPESCRIPT', 'MONGODB', 'NODE.JS']",0,No,,['FINDING A JOB'],['WORKING PROFESSIONALS'],Remote
101,21,moradabad,uttar pradesh,"['JAVASCRIPT', 'HTML', 'CSS', 'SQL', 'PYTHON', 'PHP']",['WEB DEVELOPMENT'],['FULL STACK WEB DEVELOPMENT'],"['TYPESCRIPT', 'MONGODB', 'NODE.JS']",3,Yes,Iâ€™ve created a weather forecasting website,['FINDING A JOB'],['WORKING PROFESSIONALS'],Remote
102,22,west bengal,west bengal,"['JAVASCRIPT', 'HTML', 'CSS', 'SQL', 'C']",['WEB DEVELOPMENT'],['FRONT END WEB DEVELOPMENT'],"['PYTHON', 'TYPESCRIPT', 'MONGODB', 'NODE.JS']",0,Yes,"The best project I have done till now is a e-commerce website. I have use html, css and javascript for my project.",['FINDING AN INTERNSHIP'],"['STUDENTS', 'WORKING PROFESSIONALS']",Local city
103,21,chitradurga,karnataka,"['SQL', 'PYTHON', 'C']",['WEB DEVELOPMENT'],['FRONT END WEB DEVELOPMENT'],"['HTML', 'CSS', 'JAVASCRIPT']",0,No,,['HIGHER STUDIES'],['WORKING PROFESSIONALS'],Remote
104,20,durgapur,west bengal,"['JAVASCRIPT', 'HTML', 'CSS', 'SQL', 'PYTHON', 'BASH', 'SHELL', 'POWERSHELL', 'C++', 'C', 'JAVA']",['WEB DEVELOPMENT'],"['FRONT END WEB DEVELOPMENT', 'BACK END WEB DEVELOPMENT']","['JAVASCRIPT', 'TYPESCRIPT', 'MONGODB', 'NODE.JS']",0,Yes,"landing page for kiit ecell, (html,css, javascript)",['FINDING AN INTERNSHIP'],"['STUDENTS', 'WORKING PROFESSIONALS']",Remote
105,21,bengaluru,karnataka,"['JAVASCRIPT', 'HTML', 'CSS', 'SQL', 'PYTHON', 'C', 'JAVA']",['DATA SCIENCE'],['MACHINE LEARNING'],['JAVASCRIPT'],0,No,,['FINDING A JOB'],"['STUDENTS', 'WORKING PROFESSIONALS']",Remote
106,21,bengaluru,karnataka,"['PYTHON', 'C', 'JAVA']",['DATA SCIENCE'],"['MACHINE LEARNING', 'NATURAL LANGUAGE PROCESSING']","['SCALA', 'R']",0,No,,['RESEARCH PROJECT'],['WORKING PROFESSIONALS'],Remote
107,21,bengaluru,karnataka,"['JAVASCRIPT', 'HTML', 'CSS', 'SQL', 'PYTHON', 'PHP', 'C', 'JAVA']",['WEB DEVELOPMENT'],['FULL STACK WEB DEVELOPMENT'],"['HTML', 'CSS', 'JAVASCRIPT', 'PYTHON', 'MONGODB', 'NODE.JS']",2,Yes,Human Skin Tone Detection and Inventory Management System,['FINDING A JOB'],['WORKING PROFESSIONALS'],Remote
108,20,bengaluru,karnataka,"['JAVASCRIPT', 'HTML', 'CSS', 'SQL', 'PHP', 'C', 'JAVA']",['WEB DEVELOPMENT'],['FULL STACK WEB DEVELOPMENT'],"['HTML', 'CSS', 'JAVASCRIPT', 'PYTHON', 'TYPESCRIPT', 'MONGODB', 'NODE.JS']",1,Yes,College portal,['FINDING A JOB'],['WORKING PROFESSIONALS'],Local city
109,21,pune,maharashtra,"['SQL', 'PYTHON', 'R']",['DATA SCIENCE'],"['MACHINE LEARNING', 'DEEP LEARNING']","['PYTHON', 'JAVASCRIPT', 'SCALA', 'R', 'SQL', 'JULIA', 'TABLEAU']",0,No,,['FINDING AN INTERNSHIP'],"['STUDENTS', 'WORKING PROFESSIONALS']",Local city
110,20,ranchi,jharkhand,"['JAVASCRIPT', 'HTML', 'CSS', 'SQL', 'PYTHON', 'C++', 'C', 'JAVA']",['DATA SCIENCE'],"['MACHINE LEARNING', 'COMPUTER VISION']",['PYTHON'],1,No,,['RESEARCH PROJECT'],"['STUDENTS', 'WORKING PROFESSIONALS']",Remote
111,22,bengaluru,karnataka,"['SQL', 'PYTHON']",['APP DEVELOPMENT'],"['ANDROID DEVELOPER', 'IOS DEVELOPER']",['SWIFT'],0,No,,['FINDING A JOB'],['WORKING PROFESSIONALS'],Local city
112,20,nagpur,maharashtra,"['PYTHON', 'R']",['DATA SCIENCE'],['MACHINE LEARNING'],['SQL'],0,No,,['HIGHER STUDIES'],"['STUDENTS', 'WORKING PROFESSIONALS']",Local city
113,20,kharagpur,west bengal,"['JAVASCRIPT', 'HTML', 'CSS', 'SQL', 'PYTHON', 'BASH', 'SHELL', 'POWERSHELL', 'C++', 'C', 'JAVA']",['WEB DEVELOPMENT'],"['FRONT END WEB DEVELOPMENT', 'BACK END WEB DEVELOPMENT', 'FULL STACK WEB DEVELOPMENT']","['PYTHON', 'TYPESCRIPT', 'MONGODB', 'NODE.JS']",0,Yes,"Payment Gateway Website - HTML,CSS,JavaScript",['FINDING AN INTERNSHIP'],"['STUDENTS', 'WORKING PROFESSIONALS']",Remote
114,20,kalaburagi,karnataka,"['HTML', 'CSS', 'SQL', 'PYTHON', 'C', 'JAVA']",['WEB DEVELOPMENT'],"['FRONT END WEB DEVELOPMENT', 'BACK END WEB DEVELOPMENT']","['HTML', 'CSS', 'JAVASCRIPT', 'PYTHON', 'TYPESCRIPT', 'MONGODB', 'NODE.JS']",0,No,,['FINDING AN INTERNSHIP'],['WORKING PROFESSIONALS'],Local city
115,20,kanpur,uttar pradesh,"['HTML', 'CSS', 'SQL', 'BASH', 'SHELL', 'POWERSHELL', 'UX']",['WEB DEVELOPMENT'],['FRONT END WEB DEVELOPMENT'],"['JAVASCRIPT', 'PYTHON', 'NODE.JS']",0,No,,['FINDING A JOB'],['WORKING PROFESSIONALS'],Remote
116,20,rourkela,odisha,"['HTML', 'CSS', 'SQL', 'C', 'JAVA']",['WEB DEVELOPMENT'],['BACK END WEB DEVELOPMENT'],"['JAVASCRIPT', 'NODE.JS']",0,No,,['HIGHER STUDIES'],['WORKING PROFESSIONALS'],Remote
117,24,nairobi,kenya,"['HTML', 'CSS', 'PYTHON', 'C++']",['DATA SCIENCE'],"['MACHINE LEARNING', 'DEEP LEARNING', 'NATURAL LANGUAGE PROCESSING', 'COMPUTER VISION']","['JAVASCRIPT', 'R', 'SQL']",2,Yes,"A telematics app which used AI to help in calculating monthly premiums.
Technologies: Android studio, arduino mkr fox 1200, Tensorflow.",['UPSKILL'],"['STUDENTS', 'WORKING PROFESSIONALS']",Remote
118,20,jamshedpur,jharkhand,"['C', 'JAVA']",['APP DEVELOPMENT'],['ANDROID DEVELOPER'],['JAVA'],0,No,,['HIGHER STUDIES'],"['STUDENTS', 'WORKING PROFESSIONALS']",Local city
119,20,bhubaneswar,odisha,"['HTML', 'CSS', 'SQL', 'PYTHON', 'C++', 'C', 'JAVA']",['CYBER SECURITY'],['ETHICAL HACKING'],['CYSA+'],0,No,,['HIGHER STUDIES'],['STUDENTS'],Local city
120,21,kottur,karnataka,"['HTML', 'CSS', 'SQL', 'PYTHON', 'PHP', 'C++', 'C', 'JAVA', 'PYTHON', 'AUTOCAD', 'AURDINO']",['DATA SCIENCE'],['MACHINE LEARNING'],"['PYTHON', 'SQL']",1,No,,['FINDING A JOB'],['WORKING PROFESSIONALS'],Local city
121,22,dhanbad,jharkhand,"['JAVASCRIPT', 'HTML', 'CSS', 'SQL', 'C++', 'C', 'JAVA']",['WEB DEVELOPMENT'],['FRONT END WEB DEVELOPMENT'],"['HTML', 'CSS', 'JAVASCRIPT']",2,Yes,I have made webdevelopment website comprising of various courses as I found this as fascinating and that website is fully responsive and at the same time so catching as well,['UPSKILL'],['WORKING PROFESSIONALS'],Remote
122,20,new delhi,delhi,"['PYTHON', 'C', 'R', 'SPSS']",['DATA SCIENCE'],['MACHINE LEARNING'],"['SQL', 'JULIA']",1,Yes,"Not exactly a project, but it was more of a research we conducted where we tried to identify and analyse the factors that affected body satisfaction in humans and how it differs for males and females.

This turned out to be the best one because not only did we use a lot of different statistical and machine learning tools during the analysis, but also the final results and interpretations were very different from what we imagined. 

We used R and python for the analysis of our data.",['RESEARCH PROJECT'],"['STUDENTS', 'WORKING PROFESSIONALS']",Local city
123,19,samastipur,bihar,['C'],['WEB DEVELOPMENT'],['FRONT END WEB DEVELOPMENT'],['HTML'],0,No,,['UPSKILL'],['STUDENTS'],Remote
124,22,bengaluru,karnataka,"['JAVASCRIPT', 'HTML', 'CSS', 'SQL', 'PYTHON', 'BASH', 'SHELL', 'POWERSHELL', 'PHP', 'C++', 'C', 'JAVA']",['DEVOPS'],"['CI', 'CD PIPELINE', 'VERSION CONTROL SYSTEM', 'INFRASTRUCTURE AUTOMATION LIKE PUPPET']","['DOCKER', 'KUBERNETES', 'GIT', 'GIT', 'JENKINS']",1,Yes,A neural net model with deployment automation using jenkins and kubernetes,['UPSKILL'],['WORKING PROFESSIONALS'],Remote
125,19,rourkela,odisha,"['HTML', 'CSS', 'PYTHON', 'C++', 'C', 'JAVA']",['DATA SCIENCE'],"['MACHINE LEARNING', 'DEEP LEARNING']","['PYTHON', 'SQL']",0,No,,['UPSKILL'],"['STUDENTS', 'WORKING PROFESSIONALS']",Remote
126,21,lucknow,uttar pradesh,"['SQL', 'PYTHON', 'TABLEAU', 'POWER BI']",['DATA SCIENCE'],"['MACHINE LEARNING', 'DEEP LEARNING', 'NATURAL LANGUAGE PROCESSING', 'COMPUTER VISION']",['JAVASCRIPT'],1,Yes,"Stackoverflow developer survey. 
Got some good insights, tested a hypothesis which was significant, it was Big data (300k respondents)
Python, Tableau",['FINDING A JOB'],"['STUDENTS', 'WORKING PROFESSIONALS']",Remote
127,20,hyderabad,telangana,"['HTML', 'CSS', 'SQL', 'PYTHON', 'BASH', 'SHELL', 'POWERSHELL', 'C++', 'C', 'JAVA']",['DATA SCIENCE'],"['MACHINE LEARNING', 'DEEP LEARNING', 'NATURAL LANGUAGE PROCESSING']","['R', 'JULIA']",0,No,,['RESEARCH PROJECT'],"['STUDENTS', 'WORKING PROFESSIONALS']",Remote
128,20,kolkata,west bengal,"['HTML', 'CSS', 'C++', 'C', 'JAVA']",['WEB DEVELOPMENT'],"['FRONT END WEB DEVELOPMENT', 'BACK END WEB DEVELOPMENT']","['HTML', 'CSS', 'JAVASCRIPT', 'PYTHON']",0,No,,['FINDING A JOB'],['WORKING PROFESSIONALS'],Local city
129,20,cuttack,odisha,"['JAVASCRIPT', 'HTML', 'CSS', 'SQL', 'PYTHON', 'C++', 'JAVA']",['WEB DEVELOPMENT'],['FRONT END WEB DEVELOPMENT'],"['HTML', 'CSS', 'JAVASCRIPT', 'PYTHON']",2,Yes,YfS Website,['HIGHER STUDIES'],"['STUDENTS', 'WORKING PROFESSIONALS']",Local city
130,21,nellore,andhra pradesh,"['SQL', 'PYTHON', 'C', 'JAVA']",['DATA SCIENCE'],['MACHINE LEARNING'],"['PYTHON', 'SQL']",3,Yes,"Leveraging ML to predict Success Rate of Startups in US Python, Scikit Learn, Numpy, Pandas, Seaborn, Plotly, Streamlit",['FINDING A JOB'],['STUDENTS'],Remote
131,24,bengaluru,karnataka,"['SQL', 'PYTHON', 'C', 'JAVA']",['DATA SCIENCE'],['MACHINE LEARNING'],['PYTHON'],0,Yes,Chatbot,['FINDING A JOB'],['WORKING PROFESSIONALS'],Remote
132,21,dehri on sone,bihar,"['PYTHON', 'C++', 'C', 'GO']",['DATA SCIENCE'],"['MACHINE LEARNING', 'DEEP LEARNING', 'COMPUTER VISION']","['PYTHON', 'R', 'SQL']",0,No,,['RESEARCH PROJECT'],"['STUDENTS', 'WORKING PROFESSIONALS']",Remote
133,22,pune,maharashtra,"['SQL', 'PYTHON', 'C++']",['DATA SCIENCE'],"['MACHINE LEARNING', 'COMPUTER VISION']",['PYTHON'],0,Yes,Stock analysis ,['FINDING A JOB'],['STUDENTS'],Local city
134,23,murum,maharashtra,"['JAVASCRIPT', 'HTML', 'CSS', 'SQL', 'PYTHON']",['DATA SCIENCE'],['MACHINE LEARNING'],"['PYTHON', 'R', 'SQL']",0,No,,['FINDING AN INTERNSHIP'],"['STUDENTS', 'WORKING PROFESSIONALS']",Remote
135,24,patna,bihar,"['JAVASCRIPT', 'HTML', 'CSS', 'SQL', 'JAVA']",['WEB DEVELOPMENT'],['FULL STACK WEB DEVELOPMENT'],"['TYPESCRIPT', 'MONGODB', 'NODE.JS']",0,No,,['FINDING A JOB'],['WORKING PROFESSIONALS'],Local city
136,21,faizabad,uttar pradesh,"['HTML', 'CSS', 'SQL', 'PYTHON', 'BASH', 'SHELL', 'POWERSHELL', 'C++', 'C']",['DATA SCIENCE'],"['MACHINE LEARNING', 'DEEP LEARNING', 'NATURAL LANGUAGE PROCESSING', 'COMPUTER VISION']","['PYTHON', 'JAVASCRIPT']",2,Yes,Sentence Level Relation Extraction : This is a project based on NLP with Deep Learning for Modelling. This is my best project as this is a real ground project which people need in their real lives and I've analysed and modelled certain ways to achieve this.,['FINDING A JOB'],['WORKING PROFESSIONALS'],Remote
137,24,bengaluru,karnataka,"['SQL', 'PYTHON', 'C']",['DATA SCIENCE'],"['MACHINE LEARNING', 'DEEP LEARNING', 'NATURAL LANGUAGE PROCESSING']","['PYTHON', 'SQL']",1,Yes,,['UPSKILL'],['WORKING PROFESSIONALS'],Remote
138,19,raigarh,chhattisgarh,"['HTML', 'CSS', 'SQL', 'PYTHON']",['WEB DEVELOPMENT'],['FULL STACK WEB DEVELOPMENT'],"['JAVASCRIPT', 'TYPESCRIPT', 'MONGODB', 'NODE.JS']",0,No,,['FINDING A JOB'],['WORKING PROFESSIONALS'],Local city
139,21,raigarh,chhattisgarh,"['SQL', 'JAVA']",['DATA SCIENCE'],"['MACHINE LEARNING', 'DEEP LEARNING', 'NATURAL LANGUAGE PROCESSING', 'COMPUTER VISION']","['PYTHON', 'SQL']",0,No,,['FINDING AN INTERNSHIP'],['STUDENTS'],Remote
140,20,gaya,bihar,"['JAVASCRIPT', 'HTML', 'CSS', 'SQL', 'PYTHON', 'C']",['WEB DEVELOPMENT'],['FULL STACK WEB DEVELOPMENT'],"['HTML', 'CSS', 'JAVASCRIPT', 'PYTHON', 'MONGODB', 'NODE.JS', 'REACT', 'ANGULAR', 'PHP']",0,Yes,i have worked on a sorting algorithm visualizer website and it is the best project that i have worked on because while working on it i learned frontend web development as well as some concepts of data structure. The knowledge i gained by doing this project helped me to level up my confidence .,['FINDING AN INTERNSHIP'],"['STUDENTS', 'WORKING PROFESSIONALS']",Remote
141,20,raigarh,chhattisgarh,"['HTML', 'CSS', 'PYTHON', 'C', 'JAVA']",['DATA SCIENCE'],['MACHINE LEARNING'],"['PYTHON', 'SQL']",0,No,,['RESEARCH PROJECT'],['WORKING PROFESSIONALS'],Local city
142,20,raigarh,chhattisgarh,"['HTML', 'CSS', 'SQL', 'PYTHON', 'JAVA']",['APP DEVELOPMENT'],"['ANDROID DEVELOPER', 'GAME DEVELOPER']","['JAVASCRIPT', 'SWIFT', 'KOTLIN', 'C#']",0,No,,['FINDING A JOB'],['STUDENTS'],Local city
143,20,korba,chhattisgarh,"['JAVASCRIPT', 'HTML', 'CSS', 'PYTHON', 'C']",['WEB DEVELOPMENT'],"['FRONT END WEB DEVELOPMENT', 'BACK END WEB DEVELOPMENT', 'FULL STACK WEB DEVELOPMENT']","['HTML', 'CSS', 'JAVASCRIPT', 'PYTHON']",0,No,,['FINDING A JOB'],['WORKING PROFESSIONALS'],Local city
144,19,raigarh,chhattisgarh,"['HTML', 'CSS', 'PYTHON', 'FIGMA', 'WEBFLOW']",['WEB DEVELOPMENT'],['FRONT END WEB DEVELOPMENT'],"['JAVASCRIPT', 'PYTHON', 'MONGODB', 'NODE.JS']",0,Yes,"our project name College Mentor where i am working for designing as a front end web developer, i have an interest in designing and i am also create ui template for web site.HTML, CSS, Figma, litile bit of JavaScript. ",['FINDING AN INTERNSHIP'],['WORKING PROFESSIONALS'],Remote
145,21,patna,bihar,"['JAVASCRIPT', 'HTML', 'CSS', 'PYTHON', 'C']",['WEB DEVELOPMENT'],['FRONT END WEB DEVELOPMENT'],"['HTML', 'CSS', 'JAVASCRIPT', 'PYTHON', 'MONGODB', 'NODE.JS']",0,Yes,Portfolio Website,['FINDING AN INTERNSHIP'],"['STUDENTS', 'WORKING PROFESSIONALS']",Local city
146,19,raigarh,chhattisgarh,"['JAVASCRIPT', 'HTML', 'CSS']",['WEB DEVELOPMENT'],"['FRONT END WEB DEVELOPMENT', 'BACK END WEB DEVELOPMENT', 'FULL STACK WEB DEVELOPMENT']","['HTML', 'CSS', 'JAVASCRIPT']",0,No,,['FINDING AN INTERNSHIP'],['STUDENTS'],Local city
147,17,bengaluru,karnataka,"['JAVASCRIPT', 'HTML', 'CSS', 'SQL', 'PYTHON', 'PHP', 'C++', 'KOTLIN', 'R', 'GO', 'DJANGO', 'TENSORFLOW', 'KERAS', 'PYTORCH']",['DATA SCIENCE'],"['MACHINE LEARNING', 'DEEP LEARNING', 'NATURAL LANGUAGE PROCESSING']","['PYTHON', 'JAVASCRIPT', 'SQL', 'JULIA']",>4,Yes,Facebook Graph Link Prediction,['RESEARCH PROJECT'],"['STUDENTS', 'WORKING PROFESSIONALS']",Remote
148,20,bengaluru,karnataka,"['PYTHON', 'JAVA']",['CYBER SECURITY'],['ETHICAL HACKING'],['SIEM'],0,No,,['UPSKILL'],['STUDENTS'],Remote
149,20,renukoot,uttar pradesh,"['HTML', 'CSS', 'SQL', 'PYTHON', 'C++', 'C', 'JAVA']",['DATA SCIENCE'],"['MACHINE LEARNING', 'DEEP LEARNING']","['JAVASCRIPT', 'SCALA', 'R', 'SQL', 'JULIA']",0,No,,['UPSKILL'],['WORKING PROFESSIONALS'],Remote
150,20,bhubaneswar,odisha,"['JAVASCRIPT', 'C++', 'C', 'JAVA']",['DATA SCIENCE'],"['MACHINE LEARNING', 'DEEP LEARNING', 'COMPUTER VISION']","['R', 'SQL']",0,No,,['HIGHER STUDIES'],"['STUDENTS', 'WORKING PROFESSIONALS']",Local city
151,20,faridabad,haryana,"['JAVASCRIPT', 'HTML', 'CSS', 'SQL', 'PYTHON', 'C++', 'C']",['DATA SCIENCE'],"['MACHINE LEARNING', 'DEEP LEARNING', 'NATURAL LANGUAGE PROCESSING', 'COMPUTER VISION']","['PYTHON', 'SQL']",0,Yes,Food Image Classification using Tensorflow and transfer learning,['FINDING AN INTERNSHIP'],['WORKING PROFESSIONALS'],Local city
152,22,mumbai,maharashtra,['PYTHON'],['DATA SCIENCE'],"['MACHINE LEARNING', 'DEEP LEARNING']","['SCALA', 'SQL', 'JULIA']",1,Yes,"I'm currently working(ongoing) on delivering a retail forecast app for our client. The application should feed in data and give clients flexibility to chose the level of hierarchy(ex, Chips, Lays, Specific flavor of Lays etc.), The frequency (hours, days, months) and the duration till the forecast is required. 
Tech used: Python, Streamlit, (pytourch, keras, tensorflow(to be decided))
Since the client doesn't have much data available is to create 30-40 algorithms to make our application work on generalized data.",['FINDING AN INTERNSHIP'],"['STUDENTS', 'WORKING PROFESSIONALS']",Local city
153,18,guwahati,assam,"['JAVASCRIPT', 'HTML', 'CSS', 'PYTHON', 'C++']",['WEB DEVELOPMENT'],['FULL STACK WEB DEVELOPMENT'],"['HTML', 'CSS', 'JAVASCRIPT', 'MONGODB', 'NODE.JS']",0,Yes,"Before hopping into the backend part, i cloned many websites like starbucks etc",['FINDING AN INTERNSHIP'],"['STUDENTS', 'WORKING PROFESSIONALS']",Remote
154,18,ponnur,andhra pradesh,"['PYTHON', 'C++', 'JAVA']",['BLOCKCHAIN DEVELOPMENT'],"['SMART CONTRACTS', 'DAPPS']","['JAVA', 'C++', 'JAVASCRIPT']",0,No,,['HIGHER STUDIES'],['STUDENTS'],Local city
